Fuel Type Code,Station Name,Street Address,Intersection Directions,City,State,ZIP,Plus4,Station Phone,Status Code,Expected Date,Groups With Access Code,Access Days Time,Cards Accepted,BD Blends,NG Fill Type Code,NG PSI,EV Level1 EVSE Num,EV Level2 EVSE Num,EV DC Fast Count,EV Other Info,EV Network,EV Network Web,Geocode Status,Latitude,Longitude,Date Last Confirmed,ID,Updated At,Owner Type Code,Federal Agency ID,Federal Agency Name,Open Date,Hydrogen Status Link,NG Vehicle Class,LPG Primary,E85 Blender Pump,EV Connector Types
LNG,Clean Energy - Chicago Stevenson Expressway,4220 W 36th St,,Chicago,IL,60632,,866-809-4869,P,2014-06-15,PLANNED - not yet accessible (Public - Card key at all times),24 hours daily; Call 866-809-4869 for Clean Energy card,CleanEnergy,,,,,,,,,,200-8,41.8273129,-87.7289759,2014-04-04,43712,2014-04-04 18:54:09 UTC,P,,,,,HD,,,
ELEC,Mid City Nissan,4444 W Irving Park Rd,,Chicago,IL,60641,,773-282-6200,E,,Private,,,,,,,1,,,,,200-8,41.953683,-87.7396481,2014-04-21,46807,2014-04-21 18:26:46 UTC,P,,,2012-01-31,,,,,J1772
ELEC,O'Hare Airport - Short Term Parking,10000 Bessie Coleman Dr,Located in row 2 on the first floor,Chicago,IL,60666,,,E,,Public,24 hours daily; pay lot,,,,,,1,,,,,200-8,41.9812852,-87.8851447,2013-12-31,40794,2014-04-21 18:23:55 UTC,P,,,2011-02-11,,,,,J1772
ELEC,INTERPARK,326 S Wells St,,Chicago,IL,60607,,888-758-4389,E,,Public,24 hours daily,,,,,2,2,,,ChargePoint Network,http://www.mychargepoint.net/,200-8,41.877275,-87.634144,2014-09-16,36612,2014-09-16 07:45:52 UTC,,,,,,,,,NEMA520 J1772
ELEC,Mid City Nissan,4444 W Irving Park Rd,,Chicago,IL,60641,,773-282-6200,E,,Public - Call ahead,Dealership business hours,,,,,,1,,,,,200-8,41.953683,-87.7396481,2014-04-21,46806,2014-04-21 18:26:46 UTC,P,,,2012-01-31,,,,,J1772
CNG,Clean Energy - Yellow Cab,540 W Grenshaw,S Jefferson St & W Grenshaw St,Chicago,IL,60607,,562-493-2804  866-809-4869  312-362-9176,E,,Public - Credit card at all times,24 hours daily,A D M V Voyager Wright_Exp CleanEnergy,,Q,3600,,,,,,,GPS,41.868414,-87.641917,2013-07-31,47275,2014-01-20 18:40:14 UTC,P,,,2011-03-08,,MD,,,
ELEC,900 N MICHIGAN,911 North Rush Street,,Chicago,IL,60611,,888-758-4389,E,,Public,24 hours daily,,,,,2,3,,,ChargePoint Network,http://www.mychargepoint.net/,200-8,41.8994924,-87.6268915,2014-09-16,56874,2014-09-16 07:46:39 UTC,,,,,,,,,NEMA520 J1772
ELEC,CHARGEPOINT-JNS,6140 N Western Ave,,Chicago,IL,60659,,888-758-4389,E,,Public,24 hours daily,,,,,,1,,,ChargePoint Network,http://www.mychargepoint.net/,GPS,41.9934665,-87.690114,2014-09-16,40803,2014-09-16 07:30:45 UTC,,,,,,,,,J1772
ELEC,PARKING A,6054-6098 S Drexel Ave,,Chicago,IL,60637,,888-758-4389,E,,Public,24 hours daily,,,,,,2,,,ChargePoint Network,http://www.mychargepoint.net/,GPS,41.784474,-87.6045178,2014-09-16,60584,2014-09-16 07:34:09 UTC,,,,,,,,,J1772
ELEC,CHARGEPOINT-JNS,5450 N Clark St,,Chicago,IL,60640,,888-758-4389,E,,Public,24 hours daily,,,,,,2,,,ChargePoint Network,http://www.mychargepoint.net/,200-8,41.981361,-87.668797,2014-09-16,63106,2014-09-16 07:30:23 UTC,,,,,,,,,J1772
ELEC,Zipcar - Chestnut Street Garage,260 E Chestnut St,350Green. West of N Lake Shore Drive on Chestnut St; Immediately right of garage entrance,Chicago,IL,60611,,847-577-3575,E,,Private,24 hours daily; pay lot; Zipcar use only,,,,,,1,,,,,GPS,41.898827,-87.619598,2013-12-31,43144,2014-04-21 18:24:43 UTC,P,,,2011-11-10,,,,,J1772
ELEC,640 N. LASALLE,640 N LaSalle St,,Chicago,IL,60290,,888-758-4389,E,,Public,24 hours daily,,,,,,2,,,ChargePoint Network,http://www.mychargepoint.net/,GPS,41.8935938,-87.632785,2014-09-16,58302,2014-09-16 08:04:53 UTC,,,,,,,,,J1772
ELEC,CHARGEPOINT-JNS,6201 S Cicero Ave,,Chicago,IL,60629,,888-758-4389,E,,Public,24 hours daily,,,,,,1,,,ChargePoint Network,http://www.mychargepoint.net/,GPS,41.7815157,-87.7418991,2014-09-16,43152,2014-09-16 07:30:37 UTC,,,,,,,,,J1772
CNG,City of Chicago FS#9,25 W 65th St,65th and State,Chicago,IL,60621,,,E,,Private - Government only,,,,Q,3600,,,,,,,200-8,41.7764073,-87.6262226,2013-10-31,33144,2014-01-20 18:52:04 UTC,LG,,,2008-07-15,,HD,,,
ELEC,MILLENNIUM GRGS,5 S Columbus Dr,,Chicago,IL,60601,,888-758-4389,E,,Public,24 hours daily,,,,,2,,,,ChargePoint Network,http://www.mychargepoint.net/,200-8,41.8826102,-87.620989,2014-09-16,36361,2014-09-16 07:45:00 UTC,,,,,,,,,NEMA520
ELEC,INTERPARK,203 N LaSalle Blvd,,Chicago,IL,60601,,888-758-4389,E,,Public,24 hours daily,,,,,2,2,,,ChargePoint Network,http://www.mychargepoint.net/,200-8,41.8860134,-87.6320895,2014-09-16,56805,2014-09-16 07:34:11 UTC,,,,,,,,,NEMA520 J1772
CNG,Clean Energy - Chicago North Kimball,3330 N Kimball Ave,,Chicago,IL,60618,,866-809-4869,P,2014-06-15,PLANNED - not yet accessible (Public - Credit card at all times),24 hours daily; Call 866-809-4869 for Clean Energy card; Also accepts TranStar,CleanEnergy D M V Voyager Wright_Exp,,Q,3600,,,,,,,200-8,41.942027,-87.712958,2014-04-04,60958,2014-04-04 19:00:39 UTC,P,,,,,MD,,,
ELEC,CHARGEPOINT-JNS,5753 N Canfield Ave,,Chicago,IL,60631,,888-758-4389,E,,Public,24 hours daily,,,,,,2,,,ChargePoint Network,http://www.mychargepoint.net/,200-8,41.9848542,-87.8226889,2014-09-16,40796,2014-09-16 07:30:24 UTC,,,,,,,,,J1772
ELEC,Zipcar - Monroe Street Garage,525 W Monroe St,,Chicago,IL,60661,,,E,,Private - Fleet customers only,24 hours daily; pay lot; Zipcar use only,,,,,,1,,,,,200-8,41.88047,-87.6398,2012-11-30,50076,2014-09-03 19:22:44 UTC,P,,,2012-07-01,,,,,J1772
ELEC,INTERPARK,181 N Dearborn St,,Chicago,IL,60601,,888-758-4389,E,,Public,24 hours daily,,,,,2,2,,,ChargePoint Network,http://www.mychargepoint.net/,200-8,41.8852693,-87.6290821,2014-09-16,37165,2014-09-16 07:34:11 UTC,,,,,,,,,NEMA520 J1772
E85,Kean Brothers Oil Co,2632 W 111th St,At Talman Ave,Chicago,IL,60655,,773-445-3626,E,,Public,"5:30am-10pm M-F, 6am-10pm Sat, 7am-8pm Sun",Cash A D M V,,,,,,,,,,200-8,41.691997,-87.687613,2013-10-31,20845,2014-01-20 18:52:22 UTC,P,,,2001-01-15,,,,false,
ELEC,CHARGEPOINT-JNS,1334 E 79th St,,Chicago,IL,60619,,888-758-4389,E,,Public,24 hours daily,,,,,,1,,,ChargePoint Network,http://www.mychargepoint.net/,GPS,41.7520616,-87.590274,2014-09-16,63126,2014-09-16 07:30:25 UTC,,,,,,,,,J1772
ELEC,Intercontinental - Chicago Magnificent Mile,505 N Michigan Ave,,Chicago,IL,60611,,888-998-2546,E,,Public,MON: 24 hours | TUE: 24 hours | WED: 24 hours | THU: 24 hours | FRI: 24 hours | SAT: 24 hours | SUN: 24 hours,,,,,,2,,,Blink Network,http://www.blinknetwork.com/,GPS,41.8913113,-87.6240589,2014-09-15,51803,2014-09-15 07:12:11 UTC,,,,,,,,,J1772
ELEC,SOLDIER FIELD,1400 S Linn White Dr,,Chicago,IL,60605,,888-758-4389,E,,Public,24 hours daily,,,,,1,1,,,ChargePoint Network,http://www.mychargepoint.net/,GPS,41.8604711,-87.6100168,2014-09-16,61637,2014-09-16 07:45:54 UTC,,,,,,,,,NEMA520 J1772
ELEC,CHARGEPOINT-JNS,760 W Taylor St,,Chicago,IL,60607,,888-758-4389,E,,Public,24 hours daily,,,,,,2,,,ChargePoint Network,http://www.mychargepoint.net/,200-8,41.8697153,-87.6458515,2014-09-16,43140,2014-09-16 07:30:35 UTC,,,,,,,,,J1772
ELEC,SOLDIER FIELD,1448-1468 Museum Campus Dr,,Chicago,IL,60605,,888-758-4389,E,,Public,24 hours daily,,,,,1,1,,,ChargePoint Network,http://www.mychargepoint.net/,GPS,41.8638,-87.6157227,2014-09-16,41000,2014-09-16 07:50:23 UTC,,,,,,,,,NEMA520 J1772
ELEC,3RD FLOOR,60 W Kinzie St,,Chicago,IL,60661,,888-758-4389,E,,Public,24 hours daily,,,,,,6,,,ChargePoint Network,http://www.mychargepoint.net/,200-8,41.889367,-87.6302287,2014-09-16,58326,2014-09-16 08:05:20 UTC,,,,,,,,,J1772
CNG,Clean Energy - Chicago Grenshaw,1121 S Jefferson,,Chicago,IL,60607,,866-809-4869,E,,Public - Credit card at all times,24 hours daily; Call 866-809-4869 for Clean Energy card,CleanEnergy D M V Voyager Wright_Exp,,Q,3600,,,,,,,200-8,41.868512,-87.64160419999999,2014-04-04,60931,2014-04-04 18:54:06 UTC,P,,,2014-03-30,,MD,,,
ELEC,CHARGEPOINT-JNS,1649 W Belmont Ave,,Chicago,IL,60657,,888-758-4389,E,,Public,24 hours daily,,,,,,2,,,ChargePoint Network,http://www.mychargepoint.net/,200-8,41.9394826,-87.6704535,2014-09-16,40801,2014-09-16 07:46:48 UTC,,,,,,,,,J1772
ELEC,INTERPARK,318 S Federal St,,Chicago,IL,60604,,888-758-4389,E,,Public,24 hours daily,,,,,2,2,,,ChargePoint Network,http://www.mychargepoint.net/,200-8,41.8773356,-87.6299912,2014-09-16,37164,2014-09-16 07:45:48 UTC,,,,,,,,,NEMA520 J1772
ELEC,LAKE SHORE,225 N Columbus Dr,,Chicago,IL,60601,,888-758-4389,E,,Public,24 hours daily,,,,,6,6,,,ChargePoint Network,http://www.mychargepoint.net/,200-8,41.8865294,-87.6200469,2014-09-16,56839,2014-09-16 07:46:10 UTC,,,,,,,,,NEMA520 J1772
ELEC,CHARGEPOINT-JNS,701 W Maxwell St,,Chicago,IL,60607,,888-758-4389,E,,Public,24 hours daily,,,,,,3,,,ChargePoint Network,http://www.mychargepoint.net/,200-8,41.8647832,-87.6454375,2014-09-16,42706,2014-09-16 07:30:42 UTC,,,,,,,,,J1772
E85,City of Chicago FS#9,25 W 65th St,65th and State,Chicago,IL,60621,,,E,,Private - Government only,,,,,,,,,,,,200-8,41.7764073,-87.6262226,2013-10-31,33087,2014-01-20 18:52:04 UTC,LG,,,2010-03-15,,,,false,
ELEC,INTERPARK,17 E Adams St,,Chicago,IL,60603,,888-758-4389,E,,Public,24 hours daily,,,,,2,2,,,ChargePoint Network,http://www.mychargepoint.net/,200-8,41.8794458,-87.6269874,2014-09-16,36611,2014-09-16 07:45:47 UTC,,,,,,,,,NEMA520 J1772
ELEC,O'Hare International Airport ,10000 Bessie Coleman Dr,350Green. Located on ground floor of short term parking near center elevator,Chicago,IL,60666,,847-577-3573,E,,Public,24 hours daily; pay lot,,,,,,1,,,ChargePoint Network,http://www.mychargepoint.net/,GPS,41.98563766,-87.88509369,2013-12-31,44877,2014-04-21 18:25:30 UTC,P,,,2012-03-15,,,,,J1772
ELEC,INTERPARK,211 W Adams St,,Chicago,IL,60606,,888-758-4389,E,,Public,24 hours daily,,,,,2,2,,,ChargePoint Network,http://www.mychargepoint.net/,200-8,41.8790815,-87.6345612,2014-09-16,36613,2014-09-16 07:34:10 UTC,,,,,,,,,NEMA520 J1772
ELEC,City of Chicago,1685 N Throop St,,Chicago,IL,60642,,,E,,Private,,,,,,1,,,,ChargePoint Network,http://www.mychargepoint.net/,GPS,41.91435,-87.6622,2013-11-30,35270,2014-04-21 18:23:01 UTC,LG,,,2009-08-15,,,,,NEMA520
ELEC,Illinois Institute of Technology,3201 S State St,Northeast Corner of 32nd and State Street,Chicago,IL,60616,,312-567-8968,E,,Public,24 hours daily,,,,,,6,1,,,,GPS,41.83545303,-87.62598419,2013-12-31,46990,2014-04-21 18:26:49 UTC,P,,,2012-03-16,,,,,J1772 CHADEMO
ELEC,BH RESIDENTIAL,730 S Clark St,,Chicago,IL,60605,,888-758-4389,E,,Public,24 hours daily,,,,,,2,,,ChargePoint Network,http://www.mychargepoint.net/,GPS,41.873,-87.630961,2014-09-16,55682,2014-09-16 07:34:54 UTC,,,,,,,,,J1772
LPG,U-Haul,4301 N Cicero Ave,,Chicago,IL,60641,,773-286-4507,E,,Public,"7am-7pm M-Th and Sat, 7am-8pm F, 8am-6pm Sun",Cash A D M V,,,,,,,,,,200-8,41.9587882,-87.7472764,2013-10-31,19925,2014-03-05 14:17:10 UTC,P,,,,,,true,,
ELEC,ATC,3201 S State St,,Chicago,IL,60616,,888-758-4389,E,,Public,24 hours daily,,,,,,1,,,ChargePoint Network,http://www.mychargepoint.net/,GPS,41.8354225,-87.6259842,2014-09-16,42149,2014-09-16 07:49:02 UTC,,,,,,,,,J1772
ELEC,PARKING GARAGE,111 S Wacker Dr,,Chicago,IL,60606,,888-758-4389,E,,Public,24 hours daily,,,,,,4,,,ChargePoint Network,http://www.mychargepoint.net/,200-8,41.8801644,-87.6364831,2014-09-16,61218,2014-09-16 08:06:57 UTC,,,,,,,,,J1772
ELEC,CHARGEPOINT-JNS,900 S Clark St,,Chicago,IL,60605,,888-758-4389,E,,Public,24 hours daily,,,,,,1,,,ChargePoint Network,http://www.mychargepoint.net/,GPS,41.8703078,-87.6309085,2014-09-16,63131,2014-09-16 07:30:35 UTC,,,,,,,,,J1772
E85,Mobil,850 E 63rd St,,Chicago,IL,60637,,773-955-9245,E,,Public,24 hours daily,Cash A D M V FuelMan Voyager Wright_Exp,,,,,,,,,,200-8,41.780708,-87.603996,2013-10-31,36912,2014-01-20 19:31:18 UTC,P,,,2010-05-30,,,,false,
E85,Midway Marathon,8145 S Pulaski,,Chicago,IL,60652,,773-585-8912,E,,Public,24 hours daily,Cash A D M V FuelMan Voyager Wright_Exp,,,,,,,,,,200-8,41.7446907,-87.721736,2013-10-31,33072,2014-01-20 19:06:06 UTC,P,,,2008-05-15,,,,false,
E85,City of Chicago FS#3,4233 W Ferdinand,Ferdinand and Tripp,Chicago,IL,60624,,,E,,Private - Government only,,,,,,,,,,,,200-8,41.8893383,-87.7303848,2013-10-31,33086,2014-01-20 18:52:04 UTC,LG,,,2008-06-15,,,,false,
ELEC,400 East Randolph Street Condominiums,400 E Randolph St,,Chicago,IL,60601,,,E,,Private,Resident and guest use only,,,,,,2,,,ChargePoint Network,http://www.mychargepoint.net/,GPS,41.88372421,-87.61614,2013-11-30,48053,2014-04-21 18:27:35 UTC,P,,,2012-05-31,,,,,J1772
ELEC,Whole Foods Market ,6020 N Cicero Ave,"At Peterson, east of the Edens. Located in lower parking garage along back wall",Chicago,IL,60646,,847-577-3575,E,,Public,Market business hours; pay lot,,,,,,2,,,,,GPS,41.99093246,-87.74816895,2013-12-31,42157,2014-04-21 18:24:23 UTC,P,,,2011-10-25,,,,,J1772
CNG,City of Chicago FS#6,10101 S Stoney Island,101st and Stony Island,Chicago,IL,60617,,,E,,Private - Government only,,,,Q,3600,,,,,,,200-8,41.712605,-87.58196,2013-10-31,33141,2014-01-20 18:52:04 UTC,LG,,,2008-07-15,,HD,,,
ELEC,Walgreens ,5625 N Ridge,350Green. N Broadway & N Ridge,Chicago,IL,60660,,847-577-3575,E,,Public,24 hours daily,,,,,,1,,,,,200-8,41.984311,-87.660361,2013-12-31,43842,2014-04-21 18:25:04 UTC,P,,,2012-02-20,,,,,J1772
ELEC,CHARGEPOINT-JNS,220 W Huron St,,Chicago,IL,60654,,888-758-4389,E,,Public,24 hours daily,,,,,,1,,,ChargePoint Network,http://www.mychargepoint.net/,GPS,41.8949011,-87.6351207,2014-09-16,63129,2014-09-16 07:30:32 UTC,,,,,,,,,J1772
ELEC,Walsh Construction,925 W Jackson Blvd,,Chicago,IL,60607,,,E,,Private,Employee use only,,,,,,1,,,ChargePoint Network,http://www.mychargepoint.net/,GPS,41.87757111,-87.65041351,2013-11-30,44878,2014-04-21 18:25:30 UTC,P,,,2012-03-15,,,,,J1772
ELEC,640 N. LASALLE,640 N La Salle Dr,,Chicago,IL,60654,,888-758-4389,E,,Public,24 hours daily,,,,,,2,,,ChargePoint Network,http://www.mychargepoint.net/,GPS,41.8936163,-87.6326862,2014-09-16,50472,2014-09-16 08:01:09 UTC,,,,,,,,,J1772
ELEC,CHARGEPOINT-JNS,3222 N Milwaukee Ave,,Chicago,IL,60618,,888-758-4389,E,,Public,24 hours daily,,,,,,2,,,ChargePoint Network,http://www.mychargepoint.net/,200-8,41.9396055,-87.7252241,2014-09-16,40795,2014-09-16 07:30:29 UTC,,,,,,,,,J1772
CNG,Clean Energy - Chicago Clybourn,3164 N Clybourn Ave,,Chicago,IL,60618,,866-809-4869,E,,Public - Credit card at all times,24 hours daily; Call 866-809-4869 for Clean Energy card,CleanEnergy D M V Voyager Wright_Exp,,,3600,,,,,,,200-8,41.93882199999999,-87.6871898,2014-04-04,60955,2014-04-04 18:55:13 UTC,P,,,2014-03-30,,MD,,,
ELEC,PERILLO BMW,1035 N Clark St,,Chicago,IL,60610,,888-758-4389,E,,Public,24 hours daily,,,,,,2,,,ChargePoint Network,http://www.mychargepoint.net/,GPS,41.9012134,-87.6311337,2014-09-16,58335,2014-09-16 08:05:40 UTC,,,,,,,,,J1772
ELEC,INTERPARK,20 E Randolph St,,Chicago,IL,60601,,888-758-4389,E,,Public,24 hours daily,,,,,2,2,,,ChargePoint Network,http://www.mychargepoint.net/,200-8,41.8846529,-87.6271015,2014-09-16,36615,2014-09-16 07:45:50 UTC,,,,,,,,,NEMA520 J1772
ELEC,ComEd,7601 S Lawndale Ave,,Chicago,IL,60652,,,E,,Private,,,,,,,8,,,ChargePoint Network,http://www.mychargepoint.net/,GPS,41.75497055,-87.71321,2013-11-30,38851,2014-04-21 18:23:17 UTC,T,,,2010-12-31,,,,,J1772
CNG,Clean Energy - GrandSlam Marathon,3145 N Western Ave,,Chicago,IL,60618,,562-493-2804  773-935-7200,E,,Public - Credit card at all times,24 hours daily,M V CleanEnergy,,Q,3600,,,,,,,200-8,41.9389352,-87.6871654,2013-07-31,39186,2014-01-20 18:25:42 UTC,P,,,2011-05-15,,MD,,,
CNG,City of Chicago FS#3,4233 W Ferdinand,Ferdinand and Tripp,Chicago,IL,60624,,,E,,Private - Government only,,,,Q,3600,,,,,,,200-8,41.8893383,-87.7303848,2013-10-31,33143,2014-01-20 18:52:04 UTC,LG,,,2008-07-15,,HD,,,
ELEC,INTERPARK,30 W Monroe St,,Chicago,IL,60603,,888-758-4389,E,,Public,24 hours daily,,,,,,2,,,ChargePoint Network,http://www.mychargepoint.net/,GPS,41.880724,-87.6291006,2014-09-16,50471,2014-09-16 08:00:59 UTC,,,,,,,,,J1772
ELEC,INTERPARK,230 W Washington St,,Chicago,IL,60606,,888-758-4389,E,,Public,24 hours daily,,,,,,4,,,ChargePoint Network,http://www.mychargepoint.net/,200-8,41.8833481,-87.6352146,2014-09-16,36614,2014-09-16 07:59:51 UTC,,,,,,,,,J1772
CNG,City of Chicago FS#5,4833 W Sunnyside,Sunnyside and Lamon,Chicago,IL,60630,,,E,,Private - Government only,,,,Q,3600,,,,,,,200-8,41.9625136,-87.7490375,2013-10-31,33142,2014-01-20 18:52:02 UTC,LG,,,2008-07-15,,HD,,,
ELEC,CHARGEPOINT-JNS,30 S Wacker Dr,,Chicago,IL,60606,,888-758-4389,E,,Public,24 hours daily,,,,,,1,,,ChargePoint Network,http://www.mychargepoint.net/,GPS,41.8808746,-87.6373138,2014-09-16,63152,2014-09-16 07:55:12 UTC,,,,,,,,,J1772
LPG,U-Haul,1700 N Cicero Ave,Between North and Grand,Chicago,IL,60639,,773-889-8194,E,,Public,"7am-7pm M-Th and Sat, 7am-8pm F, 9am-5pm Sun",Cash A D M V,,,,,,,,,,200-8,41.911962,-87.74629,2013-10-31,19924,2014-03-05 14:17:10 UTC,P,,,,,,true,,
ELEC,CHARGEPOINT-JNS,2001 N. Milwaukee Ave.,,Chicago,IL,60647,,888-758-4389,E,,Public,24 hours daily,,,,,,2,,,ChargePoint Network,http://www.mychargepoint.net/,200-8,41.9178352,-87.6884559,2014-09-16,40799,2014-09-16 07:30:31 UTC,,,,,,,,,J1772
ELEC,900 N MICHIGAN,900 N Michigan Ave,,Chicago,IL,60611,,888-758-4389,E,,Public,24 hours daily,,,,,,4,,,ChargePoint Network,http://www.mychargepoint.net/,200-8,41.8995404,-87.6244712,2014-09-16,38852,2014-09-16 08:04:50 UTC,,,,,,,,,J1772
ELEC,NAVY PIER,600 E Grand Ave,,Chicago,IL,60611,,888-758-4389,E,,Public,24 hours daily,,,,,,2,,,ChargePoint Network,http://www.mychargepoint.net/,GPS,41.8919806,-87.6095976,2014-09-16,51973,2014-09-16 08:02:14 UTC,,,,,,,,,J1772
ELEC,CHARGEPOINT-JNS,750 N Rush St,,Chicago,IL,60611,,888-758-4389,E,,Public,24 hours daily,,,,,,2,,,ChargePoint Network,http://www.mychargepoint.net/,200-8,41.8964652,-87.6257582,2014-09-16,41464,2014-09-16 07:30:23 UTC,,,,,,,,,J1772
ELEC,CHARGEPOINT-JNS,4385 S Archer Ave,,Chicago,IL,60632,,888-758-4389,E,,Public,24 hours daily,,,,,,2,,,ChargePoint Network,http://www.mychargepoint.net/,200-8,41.8133902,-87.7048553,2014-09-16,63133,2014-09-16 07:30:44 UTC,,,,,,,,,J1772
E85,City of Chicago FS#8,10420 S Vincennes,104th and Vincennes,Chicago,IL,60643,,,E,,Private - Government only,,,,,,,,,,,,200-8,41.7041125,-87.6570265,2013-10-31,36321,2014-01-20 18:51:44 UTC,LG,,,2011-10-15,,,,false,
CNG,Peoples Gas,1136 N Elston Ave,,Chicago,IL,60642,,800-920-1166,E,,Public - Credit card at all times,"24 hours daily; must have fueling agreement with station, call 800-920-1166 for arrangements",A M V,,Q,3000 3600,,,,,,,200-8,41.9025057,-87.6574951,2013-10-31,53314,2014-01-20 19:17:36 UTC,T,,,2012-08-01,,HD,,,
ELEC,CHARGEPOINT-JNS,260 E Chestnut St,,Chicago,IL,60611,,888-758-4389,E,,Public,24 hours daily,,,,,,1,,,ChargePoint Network,http://www.mychargepoint.net/,GPS,41.8988266,-87.6195984,2014-09-16,63151,2014-09-16 07:52:55 UTC,,,,,,,,,J1772
ELEC,HUBBARD CHARGE,360 W Hubbard St,,Chicago,IL,60654,,888-758-4389,E,,Public,24 hours daily,,,,,,4,,,ChargePoint Network,http://www.mychargepoint.net/,200-8,41.8902901,-87.6384679,2014-09-16,60531,2014-09-16 08:05:26 UTC,,,,,,,,,J1772
ELEC,INTERPARK,217 W Washington St,,Chicago,IL,60606,,888-758-4389,E,,Public,24 hours daily,,,,,2,2,,,ChargePoint Network,http://www.mychargepoint.net/,200-8,41.883183700000004,-87.6341998,2014-09-16,56790,2014-09-16 07:45:46 UTC,,,,,,,,,NEMA520 J1772
ELEC,CHARGEPOINT-JNS,915 S Paulina St,,Chicago,IL,60612,,888-758-4389,E,,Public,24 hours daily,,,,,,3,,,ChargePoint Network,http://www.mychargepoint.net/,200-8,41.8698402,-87.6684921,2014-09-16,63147,2014-09-16 07:30:37 UTC,,,,,,,,,J1772
CNG,City of Chicago FS#4,3746 S Iron,Iron and 37th,Chicago,IL,60609,,,E,,Private - Government only,,,,Q,3600,,,,,,,200-8,41.8257961,-87.6593768,2013-10-31,33146,2014-01-20 18:52:05 UTC,LG,,,2008-10-15,,HD,,,
ELEC,Zipcar - N Wells Parking Garage,210 N Wells St,"North of W Lake Street, located on 2nd level parking garage near elevators",Chicago,IL,60606,,,E,,Private,24 hours daily; pay lot; Zipcar use only,,,,,,1,,,ChargePoint Network,http://www.mychargepoint.net/,GPS,41.88609,-87.6339,2013-11-30,42160,2014-04-21 18:24:23 UTC,P,,,2011-10-21,,,,,J1772
E85,City of Chicago FS#1,1701 N Throop,Throop and Wabansia,Chicago,IL,60642,,,E,,Private - Government only,,,,,,,,,,,,200-8,41.9138945,-87.6618725,2013-10-31,35084,2014-01-20 18:51:43 UTC,LG,,,2009-06-15,,,,false,
ELEC,CHARGEPOINT-JNS,321 E Erie St,,Chicago,IL,60611,,888-758-4389,E,,Public,24 hours daily,,,,,,2,,,ChargePoint Network,http://www.mychargepoint.net/,200-8,41.8941961,-87.6197537,2014-09-16,43155,2014-09-16 07:30:40 UTC,,,,,,,,,J1772
ELEC,CHARGEPOINT-JNS,1350 N Lake Shore Dr,,Chicago,IL,60610,,888-758-4389,E,,Public,24 hours daily,,,,,,1,,,ChargePoint Network,http://www.mychargepoint.net/,GPS,41.9070322,-87.6265173,2014-09-16,41462,2014-09-16 07:30:33 UTC,,,,,,,,,J1772
E85,City of Chicago FS#202,5150 W 63rd St,63rd and Laramie,Chicago,IL,60638,,,E,,Private - Government only,,,,,,,,,,,,200-8,41.7782789,-87.7505244,2013-10-31,36319,2014-01-20 18:46:29 UTC,LG,,,2011-11-10,,,,false,
ELEC,SOLDIER FIELD,448-462 E McFetridge Dr,,Chicago,IL,60605,,888-758-4389,E,,Public,24 hours daily,,,,,1,1,,,ChargePoint Network,http://www.mychargepoint.net/,GPS,41.864151,-87.6165848,2014-09-16,41001,2014-09-16 07:50:42 UTC,,,,,,,,,NEMA520 J1772
ELEC,"Testa Produce, Inc",4555 South Racine Ave,,Chicago,IL,60609,,888-998-2546,E,,Public,MON: 24 hours | TUE: 24 hours | WED: 24 hours | THU: 24 hours | FRI: 24 hours | SAT: 24 hours | SUN: 24 hours,,,,,,2,,,Blink Network,http://www.blinknetwork.com/,GPS,41.810473,-87.654082,2014-09-15,52051,2014-09-15 07:10:48 UTC,,,,,,,,,J1772
CNG,Peoples Gas,1250 S Kilborne,,Chicago,IL,60623,,,E,,Private,,,,B,3000,,,,,,,200-8,41.8636399,-87.7373563,2013-12-31,30367,2014-01-20 19:18:46 UTC,T,,,1984-11-15,,MD,,,
ELEC,INTERPARK,614 N St Clair St,,Chicago,IL,60611,,888-758-4389,E,,Public,24 hours daily,,,,,,4,,,ChargePoint Network,http://www.mychargepoint.net/,200-8,41.8930491,-87.6229535,2014-09-16,50667,2014-09-16 08:01:08 UTC,,,,,,,,,J1772
ELEC,CHARGEPOINT-JNS,1340 E 79th St,,Chicago,IL,60619,,888-758-4389,E,,Public,24 hours daily,,,,,,1,,,ChargePoint Network,http://www.mychargepoint.net/,GPS,41.7520296,-87.5902632,2014-09-16,63130,2014-09-16 07:30:32 UTC,,,,,,,,,J1772
E85,City of Chicago FS#2,6445 N Ravenswood,Devon and Ravenswood,Chicago,IL,60626,,,E,,Private - Government only,,,,,,,,,,,,200-8,41.9992536,-87.675024,2013-10-31,36318,2014-01-20 18:51:44 UTC,LG,,,2011-11-15,,,,false,
ELEC,ComEd,3500 N California Ave,,Chicago,IL,60618,,,E,,Private,,,,,,,7,,,ChargePoint Network,http://www.mychargepoint.net/,GPS,41.94629288,-87.69982,2013-11-30,38850,2014-04-21 18:23:17 UTC,T,,,2010-12-31,,,,,J1772
ELEC,INTERPARK,50 E Ohio St,,Chicago,IL,60611,,888-758-4389,E,,Public,24 hours daily,,,,,2,2,,,ChargePoint Network,http://www.mychargepoint.net/,200-8,41.8929493,-87.6257475,2014-09-16,36619,2014-09-16 07:45:46 UTC,,,,,,,,,NEMA520 J1772
ELEC,CHARGEPOINT-JNS,210 N Wells St,,Chicago,IL,60606,,888-758-4389,E,,Public,24 hours daily,,,,,,1,,,ChargePoint Network,http://www.mychargepoint.net/,GPS,41.8861415,-87.6341576,2014-09-16,63150,2014-09-16 07:52:42 UTC,,,,,,,,,J1772
E85,City of Chicago FS#6,10101 S Stoney Island,101st and Stony Island,Chicago,IL,60617,,,E,,Private - Government only,,,,,,,,,,,,200-8,41.712605,-87.58196,2013-10-31,33084,2014-01-20 18:52:04 UTC,LG,,,2008-06-15,,,,false,
ELEC,Western Avenue Nissan,7410 S Western Ave,,Chicago,IL,60636,,773-776-8200,E,,Public - Call ahead,Dealership business hours,,,,,,1,,,,,200-8,41.7588594,-87.6831642,2014-04-04,60987,2014-04-04 19:19:41 UTC,P,,,2014-02-01,,,,,J1772
ELEC,CHARGEPOINT-JNS,4730 W Cuyler Ave,,Chicago,IL,60641,,888-758-4389,E,,Public,24 hours daily,,,,,,1,,,ChargePoint Network,http://www.mychargepoint.net/,GPS,41.9543707,-87.746035,2014-09-16,63135,2014-09-16 07:30:47 UTC,,,,,,,,,J1772
ELEC,Western Avenue Nissan,7410 S Western Ave,,Chicago,IL,60636,,773-776-8200,E,,Private,,,,,,,1,,,,,200-8,41.7588594,-87.6831642,2014-04-04,60988,2014-04-04 19:19:41 UTC,P,,,2014-02-01,,,,,J1772
E85,City of Chicago FS#4,3746 S Iron,Iron and 37th,Chicago,IL,60609,,,E,,Private - Government only,,,,,,,,,,,,200-8,41.8257961,-87.6593768,2013-10-31,33089,2014-01-20 18:52:05 UTC,LG,,,2008-10-15,,,,false,
ELEC,CHARGEPOINT-JNS,5802 S Kilpatrick Ave,,Chicago,IL,60629,,888-758-4389,E,,Public,24 hours daily,,,,,,1,,,ChargePoint Network,http://www.mychargepoint.net/,GPS,41.7882767,-87.7408829,2014-09-16,63132,2014-09-16 07:30:38 UTC,,,,,,,,,J1772
CNG,Ozinga Energy - Lumber Street,2242 S Lumber St,2 Blocks East of Cermak and Halsted.,Chicago,IL,60616,,888-656-0141,E,,Public - Card key at all times,24 hours daily; call 888-656-0141 to arrange for card key,,,Q,3600,,,,,,,200-8,41.851903,-87.643101,2014-07-03,52485,2014-09-15 21:10:35 UTC,P,,,2012-09-01,,HD,,,
E85,City of Chicago FS#7,10000 W Montrose,O'Hare Airport,Chicago,IL,60666,,,E,,Private - Government only,,,,,,,,,,,,200-8,41.9594314,-87.8365848,2013-10-31,33088,2014-01-20 18:52:03 UTC,LG,,,2008-06-15,,,,false,
ELEC,SOLDIER FIELD,464-484 E McFetridge Dr,,Chicago,IL,60605,,888-758-4389,E,,Public,24 hours daily,,,,,1,1,,,ChargePoint Network,http://www.mychargepoint.net/,GPS,41.8641319,-87.6162033,2014-09-16,57210,2014-09-16 07:50:22 UTC,,,,,,,,,NEMA520 J1772
CNG,University of Illinois at Chicago,1351 S Morgan,Roosevelt and Morgan.,Chicago,IL,60608,,,E,,Private - Government only,,,,B,3600,,,,,,,200-8,41.864057,-87.6506388,2013-12-31,33649,2014-01-20 18:25:35 UTC,SG,,,1998-11-15,,HD,,,
CNG,Peoples Gas,1241 W Division St,,Chicago,IL,60642,,,E,,Private - Fleet customers only,Call 800-920-1166 to set up fueling agreement,,,T,3000 3600,,,,,,,200-8,41.9024726,-87.6587258,2014-08-05,28197,2014-08-05 17:53:41 UTC,T,,,1984-11-15,,MD,,,
ELEC,WINDFREE ENERGY,1540 N Western Ave,,Chicago,IL,60622,,888-758-4389,E,,Public,24 hours daily,,,,,,1,,,ChargePoint Network,http://www.mychargepoint.net/,GPS,41.9096832,-87.6875916,2014-09-16,40999,2014-09-16 07:51:30 UTC,,,,,,,,,J1772
CNG,City of Chicago FS#7,10000 W Montrose Ave,O'Hare Airport,Chicago,IL,60666,,,E,,Private - Government only,,,,Q,3600,,,,,,,GPS,41.963492,-87.882958,2013-10-31,33145,2014-01-20 18:52:05 UTC,LG,,,2008-07-15,,HD,,,
LPG,U-Haul,1650 E 71st St,At Stoney Island,Chicago,IL,60649,,773-493-1206,E,,Public - Call ahead,"7am-7pm M-Th and Sat, 7am-8pm F, 9am-5pm Sun",Cash A D M V,,,,,,,,,,200-8,41.7662273,-87.5840203,2013-10-31,19926,2014-03-05 14:17:10 UTC,P,,,,,,false,,
CNG,City of Chicago FS#1,1701 N Throop,Throop and Wabansia,Chicago,IL,60642,,,E,,Private - Government only,,,,Q,3600,,,,,,,200-8,41.9138945,-87.6618725,2013-10-31,36307,2014-01-20 18:51:43 UTC,LG,,,2011-12-01,,HD,,,
CNG,Peoples Gas,38 W 64th St,,Chicago,IL,60621,,,E,,Private,,,,B,3000,,,,,,,200-8,41.7776735,-87.6255049,2013-12-31,850,2014-01-20 19:19:02 UTC,T,,,1984-11-15,,MD,,,
E85,Citgo,4070 N Clark St,,Chicago,IL,60613,,773-528-3040,E,,Public,24 hours daily,Cash A D M V Wright_Exp,,,,,,,,,,200-8,41.9562252,-87.6634152,2013-10-31,20844,2014-01-20 19:31:04 UTC,P,,,2000-08-15,,,,false,
ELEC,CHARGEPOINT-JNS,2744 N California Ave,,Chicago,IL,60647,,888-758-4389,E,,Public,24 hours daily,,,,,,1,,,ChargePoint Network,http://www.mychargepoint.net/,GPS,41.9316594,-87.6979454,2014-09-16,40800,2014-09-16 07:30:47 UTC,,,,,,,,,J1772
ELEC,PARKING A,5841 S Maryland Ave,,Chicago,IL,60637,,888-758-4389,E,,Public,24 hours daily,,,,,,2,,,ChargePoint Network,http://www.mychargepoint.net/,GPS,41.7887204,-87.6050198,2014-09-16,60583,2014-09-16 07:34:08 UTC,,,,,,,,,J1772
ELEC,ATC,2125 W North Ave,,Chicago,IL,60647,,888-758-4389,E,,Public,24 hours daily,,,,,,1,,,ChargePoint Network,http://www.mychargepoint.net/,GPS,41.9102278,-87.681258,2014-09-16,57599,2014-09-16 07:55:31 UTC,,,,,,,,,J1772
CNG,Peoples Gas,3955 N Kilpatrick Ave,,Chicago,IL,60641,,,E,,Private,,,,B,3000,,,,,,,200-8,41.952484,-87.743058,2013-12-31,856,2014-01-20 19:17:47 UTC,T,,,1984-11-15,,MD,,,
E85,City of Chicago FS#205,3245 N Campbell,Belmont & Western,Chicago,IL,60618,,,E,,Private - Government only,,,,,,,,,,,,200-8,41.9403513,-87.6905982,2013-10-31,36320,2014-01-20 18:46:29 UTC,LG,,,2012-03-31,,,,false,
E85,Clark Gas for Less,2801 N Damen Ave,,Chicago,IL,60618,,773-528-0461,E,,Public,24 hours daily,A Cash D M V Voyager Wright_Exp,,,,,,,,,,200-8,41.9322884,-87.67813249999999,2014-08-05,32958,2014-08-05 17:52:59 UTC,P,,,2008-03-15,,,,false,
ELEC,CHARGEPOINT-JNS,4799 W 54th St,,Chicago,IL,60638,,888-758-4389,E,,Public,24 hours daily,,,,,,2,,,ChargePoint Network,http://www.mychargepoint.net/,200-8,41.794971,-87.7488177,2014-09-16,43153,2014-09-16 07:30:38 UTC,,,,,,,,,J1772
ELEC,CHARGEPOINT-JNS,2301 W Irving Park Rd,,Chicago,IL,60618,,888-758-4389,E,,Public,24 hours daily,,,,,,2,,,ChargePoint Network,http://www.mychargepoint.net/,200-8,41.9537318,-87.68638,2014-09-16,42707,2014-09-16 07:30:27 UTC,,,,,,,,,J1772
ELEC,Walgreens ,5158 N Lincoln,350Green. W Foster Ave & N Lincoln,Chicago,IL,60625,,847-577-3575,P,2014-02-15,PLANNED - not yet accessible (Public), 24 hours daily,,,,,,2,,,,,200-8,41.9757,-87.692813,2013-12-31,43843,2014-04-21 18:25:04 UTC,P,,,,,,,,J1772
ELEC,Zipcar - 30 South Wacker Garage,30 S Wacker Dr,,Chicago,IL,60606,,,E,,Private - Fleet customers only,24 hours daily; pay lot; Zipcar use only,,,,,,1,,,,,200-8,41.88087,-87.6373,2012-11-30,50075,2014-09-03 19:22:31 UTC,P,,,2012-07-01,,,,,J1772
ELEC,INTERPARK,181 N Clark St,,Chicago,IL,60601,,888-758-4389,E,,Public,24 hours daily,,,,,2,2,,,ChargePoint Network,http://www.mychargepoint.net/,200-8,41.88541,-87.6306938,2014-09-16,36616,2014-09-16 07:34:10 UTC,,,,,,,,,NEMA520 J1772
ELEC,ATC,1401 W Devon Ave,,Chicago,IL,60660,,888-758-4389,E,,Public,24 hours daily,,,,,,1,,,ChargePoint Network,http://www.mychargepoint.net/,GPS,41.997936,-87.6657065,2014-09-16,42153,2014-09-16 07:55:12 UTC,,,,,,,,,J1772
E85,City of Chicago FS#5,4833 W Sunnyside,Sunnyside and Lamon,Chicago,IL,60630,,,E,,Private - Government only,,,,,,,,,,,,200-8,41.9625136,-87.7490375,2013-10-31,33085,2014-01-20 18:52:02 UTC,LG,,,2008-06-15,,,,false,
E85,Aisha Wash and Fuel Island - Citgo,5549 W Diversey Ave,,Chicago,IL,60639,,773-889-0241,E,,Public,24 hours daily,Cash A D M V Voyager Wright_Exp,,,,,,,,,,200-8,41.931033,-87.765882,2013-10-31,32648,2014-01-20 18:23:54 UTC,P,,,2007-09-15,,,,false,
ELEC,Walgreens - DC Fast,5158 N Lincoln,350Green. W Foster Ave & N Lincoln,Chicago,IL,60625,,855-350-4733,P,2014-04-01,PLANNED - not yet accessible (Public), 24 hours daily,,,,,,,1,,,,200-8,41.9757,-87.692813,2013-04-25,43844,2014-04-21 18:25:04 UTC,P,,,,,,,,CHADEMO
LPG,AmeriGas,310 N Sangamon St,"4 blocks west of Interstate 90/94, 2 blocks north of Lake",Chicago,IL,60607,,312-997-2300,E,,Public,6am-4pm M-F,Cash A D M V,,,,,,,,,,200-8,41.8872821,-87.6511547,2013-02-28,15014,2014-03-05 14:16:42 UTC,P,,,,,,false,,
ELEC,Lake Shore Drive Garage,509 North Peshtigo Court,,Chicago,IL,60611,,800-663-5633,E,,Public - Card key at all times,MO: 24 hours; TU: 24 hours; WE: 24 hours; TH: 24 hours; FR: 24 hours; SA: 24 hours; SU: 24 hours,,,,,,1,,,SemaCharge Network,http://www.semacharge.com/,GPS,41.8914045,-87.6151599,2014-09-16,58390,2014-09-16 07:27:00 UTC,,,,,,,,,J1772
ELEC,Former Sears,1334 E 79th St,"350Green. Near S Kenwood and E 79th, just west of I-90",Chicago,IL,60619,,847-577-3574,E,,Public,24 hours daily,,,,,,1,,,,,200-8,41.7515834,-87.5912118,2013-12-31,41459,2014-04-21 18:24:10 UTC,P,,,2011-09-02,,,,,J1772
CNG,Ozinga Energy - Lumber Street,2242 S Lumber St,2 Blocks East of Cermak and Halsted.,Chicago,IL,60616,,888-656-0141,E,,Private,,,,Q,3600,,,,,,,200-8,41.851903,-87.643101,2014-07-03,62312,2014-09-15 21:10:35 UTC,P,,,2012-09-01,,HD,,,
ELEC,Zipcar - McClurg Court Garage,400 N McClurg Ct,350Green. E North Water St & N McClurg Ct,Chicago,IL,60611,,847-577-3575,E,,Private,24 hours daily; pay lot; Zipcar use only,,,,,1,1,,,,,GPS,41.889069,-87.617874,2013-12-31,43145,2014-04-21 18:24:43 UTC,P,,,2012-01-15,,,,,NEMA520 J1772
ELEC,CHARGEPOINT-JNS,1130 S Michigan Ave,,Chicago,IL,60605,,888-758-4389,E,,Public,24 hours daily,,,,,,1,,,ChargePoint Network,http://www.mychargepoint.net/,GPS,41.8684508,-87.6246231,2014-09-16,41463,2014-09-16 07:30:48 UTC,,,,,,,,,J1772
ELEC,635 W GRACE,635 W Grace St,,Chicago,IL,60613,,888-758-4389,E,,Public,24 hours daily,,,,,,2,,,ChargePoint Network,http://www.mychargepoint.net/,GPS,41.9516989,-87.6460687,2014-09-16,60055,2014-09-16 07:34:03 UTC,,,,,,,,,J1772
ELEC,INTERPARK,177 N Wells St,,Chicago,IL,60606,,888-758-4389,E,,Public,24 hours daily,,,,,2,2,,,ChargePoint Network,http://www.mychargepoint.net/,200-8,41.8853856,-87.6336366,2014-09-16,36617,2014-09-16 07:45:47 UTC,,,,,,,,,NEMA520 J1772

